timestamp,model,total_questions,cpu_time_total,cpu_time_avg,latency_total,latency_avg,search_count,no_search_count,avg_confidence,errors,discrepancies_total,avg_delta_conf,avg_abs_delta_conf,options_json,domains_json
1757131660.5185823,phi4-mini:3.8b,60,1.437500,0.023958,158.596112,2.643269,41,19,0.957500,0,30,0.098000,0.106667,"{""format"": ""json"", ""temperature"": 0.19, ""top_p"": 0.51, ""top_k"": 3, ""repeat_penalty"": 1.1, ""num_thread"": 6, ""num_predict"": 22, ""raw"": true}","{""general"": {""domain"": ""general"", ""total"": 15, ""search"": 14, ""no_search"": 1, ""avg_confidence"": 0.9533333333333331, ""discrepancies"": 4, ""discrepancies_pct"": 0.26666666666666666, ""avg_delta_conf"": 0.13749999999999996}, ""mental_health"": {""domain"": ""mental_health"", ""total"": 15, ""search"": 11, ""no_search"": 4, ""avg_confidence"": 0.9366666666666664, ""discrepancies"": 11, ""discrepancies_pct"": 0.7333333333333333, ""avg_delta_conf"": 0.08909090909090908}, ""programming"": {""domain"": ""programming"", ""total"": 15, ""search"": 13, ""no_search"": 2, ""avg_confidence"": 0.9499999999999997, ""discrepancies"": 12, ""discrepancies_pct"": 0.8, ""avg_delta_conf"": 0.12499999999999996}, ""math"": {""domain"": ""math"", ""total"": 15, ""search"": 3, ""no_search"": 12, ""avg_confidence"": 0.99, ""discrepancies"": 3, ""discrepancies_pct"": 0.2, ""avg_delta_conf"": -0.030000000000000027}}"
1757131701.668083,granite3.1-moe:1b,60,1.421875,0.023698,39.933097,0.665552,13,47,0.923167,0,26,0.064615,0.072308,"{""format"": ""json"", ""temperature"": 0.19, ""top_p"": 0.51, ""top_k"": 3, ""repeat_penalty"": 1.1, ""num_thread"": 6, ""num_predict"": 22, ""raw"": true}","{""general"": {""domain"": ""general"", ""total"": 15, ""search"": 0, ""no_search"": 15, ""avg_confidence"": 0.9453333333333332, ""discrepancies"": 12, ""discrepancies_pct"": 0.8, ""avg_delta_conf"": 0.04666666666666661}, ""mental_health"": {""domain"": ""mental_health"", ""total"": 15, ""search"": 5, ""no_search"": 10, ""avg_confidence"": 0.9339999999999998, ""discrepancies"": 5, ""discrepancies_pct"": 0.3333333333333333, ""avg_delta_conf"": 0.10399999999999998}, ""programming"": {""domain"": ""programming"", ""total"": 15, ""search"": 5, ""no_search"": 10, ""avg_confidence"": 0.9019999999999998, ""discrepancies"": 6, ""discrepancies_pct"": 0.4, ""avg_delta_conf"": 0.10499999999999997}, ""math"": {""domain"": ""math"", ""total"": 15, ""search"": 3, ""no_search"": 12, ""avg_confidence"": 0.9113333333333333, ""discrepancies"": 3, ""discrepancies_pct"": 0.2, ""avg_delta_conf"": -0.010000000000000009}}"
1757131790.4927015,falcon3:1b,60,1.421875,0.023698,87.082134,1.451369,32,28,0.960167,0,37,0.084324,0.096757,"{""format"": ""json"", ""temperature"": 0.19, ""top_p"": 0.51, ""top_k"": 3, ""repeat_penalty"": 1.1, ""num_thread"": 6, ""num_predict"": 22, ""raw"": true}","{""general"": {""domain"": ""general"", ""total"": 15, ""search"": 5, ""no_search"": 10, ""avg_confidence"": 0.9239999999999999, ""discrepancies"": 9, ""discrepancies_pct"": 0.6, ""avg_delta_conf"": 0.04999999999999998}, ""mental_health"": {""domain"": ""mental_health"", ""total"": 15, ""search"": 12, ""no_search"": 3, ""avg_confidence"": 0.9560000000000001, ""discrepancies"": 12, ""discrepancies_pct"": 0.8, ""avg_delta_conf"": 0.12}, ""programming"": {""domain"": ""programming"", ""total"": 15, ""search"": 7, ""no_search"": 8, ""avg_confidence"": 0.9866666666666667, ""discrepancies"": 8, ""discrepancies_pct"": 0.5333333333333333, ""avg_delta_conf"": 0.16249999999999998}, ""math"": {""domain"": ""math"", ""total"": 15, ""search"": 8, ""no_search"": 7, ""avg_confidence"": 0.9740000000000002, ""discrepancies"": 8, ""discrepancies_pct"": 0.5333333333333333, ""avg_delta_conf"": -0.008749999999999994}}"
1757131914.8883646,granite3.3:2b,60,1.593750,0.026562,122.933410,2.048890,20,40,0.937667,0,17,0.075294,0.082353,"{""format"": ""json"", ""temperature"": 0.19, ""top_p"": 0.51, ""top_k"": 3, ""repeat_penalty"": 1.1, ""num_thread"": 6, ""num_predict"": 22, ""raw"": true}","{""general"": {""domain"": ""general"", ""total"": 15, ""search"": 7, ""no_search"": 8, ""avg_confidence"": 0.9586666666666664, ""discrepancies"": 5, ""discrepancies_pct"": 0.3333333333333333, ""avg_delta_conf"": 0.08599999999999997}, ""mental_health"": {""domain"": ""mental_health"", ""total"": 15, ""search"": 5, ""no_search"": 10, ""avg_confidence"": 0.8566666666666667, ""discrepancies"": 5, ""discrepancies_pct"": 0.3333333333333333, ""avg_delta_conf"": 0.07000000000000002}, ""programming"": {""domain"": ""programming"", ""total"": 15, ""search"": 8, ""no_search"": 7, ""avg_confidence"": 0.9406666666666665, ""discrepancies"": 7, ""discrepancies_pct"": 0.4666666666666667, ""avg_delta_conf"": 0.07142857142857141}, ""math"": {""domain"": ""math"", ""total"": 15, ""search"": 0, ""no_search"": 15, ""avg_confidence"": 0.9946666666666668, ""discrepancies"": 0, ""discrepancies_pct"": 0.0, ""avg_delta_conf"": 0.0}}"
1757131953.6750603,qwen2.5:0.5b-instruct,60,1.515625,0.025260,37.137339,0.618956,13,47,0.957500,0,26,0.061923,0.081923,"{""format"": ""json"", ""temperature"": 0.19, ""top_p"": 0.51, ""top_k"": 3, ""repeat_penalty"": 1.1, ""num_thread"": 6, ""num_predict"": 22, ""raw"": true}","{""general"": {""domain"": ""general"", ""total"": 15, ""search"": 0, ""no_search"": 15, ""avg_confidence"": 0.9499999999999998, ""discrepancies"": 12, ""discrepancies_pct"": 0.8, ""avg_delta_conf"": 0.03999999999999998}, ""mental_health"": {""domain"": ""mental_health"", ""total"": 15, ""search"": 3, ""no_search"": 12, ""avg_confidence"": 0.974, ""discrepancies"": 3, ""discrepancies_pct"": 0.2, ""avg_delta_conf"": 0.15666666666666665}, ""programming"": {""domain"": ""programming"", ""total"": 15, ""search"": 4, ""no_search"": 11, ""avg_confidence"": 0.9093333333333333, ""discrepancies"": 5, ""discrepancies_pct"": 0.3333333333333333, ""avg_delta_conf"": 0.118}, ""math"": {""domain"": ""math"", ""total"": 15, ""search"": 6, ""no_search"": 9, ""avg_confidence"": 0.9966666666666667, ""discrepancies"": 6, ""discrepancies_pct"": 0.4, ""avg_delta_conf"": 0.011666666666666678}}"
1757132025.6892006,llama3.2:1b,60,1.640625,0.027344,69.202268,1.153371,12,48,0.696500,0,21,-0.198095,0.217143,"{""format"": ""json"", ""temperature"": 0.19, ""top_p"": 0.51, ""top_k"": 3, ""repeat_penalty"": 1.1, ""num_thread"": 6, ""num_predict"": 22, ""raw"": true}","{""general"": {""domain"": ""general"", ""total"": 15, ""search"": 2, ""no_search"": 13, ""avg_confidence"": 0.5006666666666666, ""discrepancies"": 10, ""discrepancies_pct"": 0.6666666666666666, ""avg_delta_conf"": -0.31800000000000006}, ""mental_health"": {""domain"": ""mental_health"", ""total"": 15, ""search"": 2, ""no_search"": 13, ""avg_confidence"": 0.704, ""discrepancies"": 2, ""discrepancies_pct"": 0.13333333333333333, ""avg_delta_conf"": 0.015000000000000013}, ""programming"": {""domain"": ""programming"", ""total"": 15, ""search"": 5, ""no_search"": 10, ""avg_confidence"": 0.7099999999999999, ""discrepancies"": 6, ""discrepancies_pct"": 0.4, ""avg_delta_conf"": -0.11}, ""math"": {""domain"": ""math"", ""total"": 15, ""search"": 3, ""no_search"": 12, ""avg_confidence"": 0.8713333333333334, ""discrepancies"": 3, ""discrepancies_pct"": 0.2, ""avg_delta_conf"": -0.11666666666666665}}"
1757132184.1794355,phi4-mini:3.8b,60,1.671875,0.027865,155.897604,2.598293,40,20,0.954167,0,29,0.096207,0.105172,"{""format"": ""json"", ""temperature"": 0.07, ""top_p"": 0.57, ""top_k"": 1, ""repeat_penalty"": 1.1, ""num_thread"": 6, ""num_predict"": 22, ""raw"": true}","{""general"": {""domain"": ""general"", ""total"": 15, ""search"": 14, ""no_search"": 1, ""avg_confidence"": 0.9533333333333331, ""discrepancies"": 4, ""discrepancies_pct"": 0.26666666666666666, ""avg_delta_conf"": 0.13749999999999996}, ""mental_health"": {""domain"": ""mental_health"", ""total"": 15, ""search"": 11, ""no_search"": 4, ""avg_confidence"": 0.9366666666666664, ""discrepancies"": 11, ""discrepancies_pct"": 0.7333333333333333, ""avg_delta_conf"": 0.08909090909090908}, ""programming"": {""domain"": ""programming"", ""total"": 15, ""search"": 12, ""no_search"": 3, ""avg_confidence"": 0.9366666666666663, ""discrepancies"": 11, ""discrepancies_pct"": 0.7333333333333333, ""avg_delta_conf"": 0.1227272727272727}, ""math"": {""domain"": ""math"", ""total"": 15, ""search"": 3, ""no_search"": 12, ""avg_confidence"": 0.99, ""discrepancies"": 3, ""discrepancies_pct"": 0.2, ""avg_delta_conf"": -0.030000000000000027}}"
1757132231.2073019,granite3.1-moe:1b,60,2.046875,0.034115,45.392359,0.756539,14,46,0.931500,0,27,0.074444,0.078148,"{""format"": ""json"", ""temperature"": 0.07, ""top_p"": 0.57, ""top_k"": 1, ""repeat_penalty"": 1.1, ""num_thread"": 6, ""num_predict"": 22, ""raw"": true}","{""general"": {""domain"": ""general"", ""total"": 15, ""search"": 0, ""no_search"": 15, ""avg_confidence"": 0.9519999999999998, ""discrepancies"": 12, ""discrepancies_pct"": 0.8, ""avg_delta_conf"": 0.054999999999999945}, ""mental_health"": {""domain"": ""mental_health"", ""total"": 15, ""search"": 5, ""no_search"": 10, ""avg_confidence"": 0.9453333333333332, ""discrepancies"": 5, ""discrepancies_pct"": 0.3333333333333333, ""avg_delta_conf"": 0.10399999999999998}, ""programming"": {""domain"": ""programming"", ""total"": 15, ""search"": 6, ""no_search"": 9, ""avg_confidence"": 0.9153333333333331, ""discrepancies"": 7, ""discrepancies_pct"": 0.4666666666666667, ""avg_delta_conf"": 0.12285714285714282}, ""math"": {""domain"": ""math"", ""total"": 15, ""search"": 3, ""no_search"": 12, ""avg_confidence"": 0.9133333333333333, ""discrepancies"": 3, ""discrepancies_pct"": 0.2, ""avg_delta_conf"": -0.010000000000000009}}"
1757132320.4977875,falcon3:1b,60,1.546875,0.025781,87.173969,1.452899,33,27,0.957000,0,36,0.081667,0.095000,"{""format"": ""json"", ""temperature"": 0.07, ""top_p"": 0.57, ""top_k"": 1, ""repeat_penalty"": 1.1, ""num_thread"": 6, ""num_predict"": 22, ""raw"": true}","{""general"": {""domain"": ""general"", ""total"": 15, ""search"": 6, ""no_search"": 9, ""avg_confidence"": 0.9153333333333332, ""discrepancies"": 8, ""discrepancies_pct"": 0.5333333333333333, ""avg_delta_conf"": 0.04374999999999998}, ""mental_health"": {""domain"": ""mental_health"", ""total"": 15, ""search"": 12, ""no_search"": 3, ""avg_confidence"": 0.9493333333333335, ""discrepancies"": 12, ""discrepancies_pct"": 0.8, ""avg_delta_conf"": 0.12416666666666669}, ""programming"": {""domain"": ""programming"", ""total"": 15, ""search"": 6, ""no_search"": 9, ""avg_confidence"": 0.9920000000000002, ""discrepancies"": 7, ""discrepancies_pct"": 0.4666666666666667, ""avg_delta_conf"": 0.16857142857142854}, ""math"": {""domain"": ""math"", ""total"": 15, ""search"": 9, ""no_search"": 6, ""avg_confidence"": 0.9713333333333336, ""discrepancies"": 9, ""discrepancies_pct"": 0.6, ""avg_delta_conf"": -0.008888888888888884}}"
1757132457.2291048,granite3.3:2b,60,1.750000,0.029167,135.267389,2.254456,20,40,0.937667,0,17,0.078235,0.085294,"{""format"": ""json"", ""temperature"": 0.07, ""top_p"": 0.57, ""top_k"": 1, ""repeat_penalty"": 1.1, ""num_thread"": 6, ""num_predict"": 22, ""raw"": true}","{""general"": {""domain"": ""general"", ""total"": 15, ""search"": 7, ""no_search"": 8, ""avg_confidence"": 0.9586666666666664, ""discrepancies"": 5, ""discrepancies_pct"": 0.3333333333333333, ""avg_delta_conf"": 0.08599999999999997}, ""mental_health"": {""domain"": ""mental_health"", ""total"": 15, ""search"": 5, ""no_search"": 10, ""avg_confidence"": 0.8533333333333333, ""discrepancies"": 5, ""discrepancies_pct"": 0.3333333333333333, ""avg_delta_conf"": 0.07000000000000002}, ""programming"": {""domain"": ""programming"", ""total"": 15, ""search"": 8, ""no_search"": 7, ""avg_confidence"": 0.9439999999999997, ""discrepancies"": 7, ""discrepancies_pct"": 0.4666666666666667, ""avg_delta_conf"": 0.07857142857142854}, ""math"": {""domain"": ""math"", ""total"": 15, ""search"": 0, ""no_search"": 15, ""avg_confidence"": 0.9946666666666668, ""discrepancies"": 0, ""discrepancies_pct"": 0.0, ""avg_delta_conf"": 0.0}}"
1757132499.3823752,qwen2.5:0.5b-instruct,60,1.812500,0.030208,40.214298,0.670238,14,46,0.958000,0,27,0.060741,0.080000,"{""format"": ""json"", ""temperature"": 0.07, ""top_p"": 0.57, ""top_k"": 1, ""repeat_penalty"": 1.1, ""num_thread"": 6, ""num_predict"": 22, ""raw"": true}","{""general"": {""domain"": ""general"", ""total"": 15, ""search"": 0, ""no_search"": 15, ""avg_confidence"": 0.9499999999999998, ""discrepancies"": 12, ""discrepancies_pct"": 0.8, ""avg_delta_conf"": 0.03999999999999998}, ""mental_health"": {""domain"": ""mental_health"", ""total"": 15, ""search"": 3, ""no_search"": 12, ""avg_confidence"": 0.9773333333333334, ""discrepancies"": 3, ""discrepancies_pct"": 0.2, ""avg_delta_conf"": 0.16666666666666666}, ""programming"": {""domain"": ""programming"", ""total"": 15, ""search"": 4, ""no_search"": 11, ""avg_confidence"": 0.9093333333333333, ""discrepancies"": 5, ""discrepancies_pct"": 0.3333333333333333, ""avg_delta_conf"": 0.118}, ""math"": {""domain"": ""math"", ""total"": 15, ""search"": 7, ""no_search"": 8, ""avg_confidence"": 0.9953333333333334, ""discrepancies"": 7, ""discrepancies_pct"": 0.4666666666666667, ""avg_delta_conf"": 0.010000000000000009}}"
1757132574.95945,llama3.2:1b,60,1.734375,0.028906,73.469632,1.224494,12,48,0.646500,0,21,-0.194762,0.222381,"{""format"": ""json"", ""temperature"": 0.07, ""top_p"": 0.57, ""top_k"": 1, ""repeat_penalty"": 1.1, ""num_thread"": 6, ""num_predict"": 22, ""raw"": true}","{""general"": {""domain"": ""general"", ""total"": 15, ""search"": 2, ""no_search"": 13, ""avg_confidence"": 0.4993333333333333, ""discrepancies"": 10, ""discrepancies_pct"": 0.6666666666666666, ""avg_delta_conf"": -0.31800000000000006}, ""mental_health"": {""domain"": ""mental_health"", ""total"": 15, ""search"": 1, ""no_search"": 14, ""avg_confidence"": 0.5526666666666666, ""discrepancies"": 1, ""discrepancies_pct"": 0.06666666666666667, ""avg_delta_conf"": -0.030000000000000027}, ""programming"": {""domain"": ""programming"", ""total"": 15, ""search"": 6, ""no_search"": 9, ""avg_confidence"": 0.7066666666666667, ""discrepancies"": 7, ""discrepancies_pct"": 0.4666666666666667, ""avg_delta_conf"": -0.07285714285714287}, ""math"": {""domain"": ""math"", ""total"": 15, ""search"": 3, ""no_search"": 12, ""avg_confidence"": 0.8273333333333334, ""discrepancies"": 3, ""discrepancies_pct"": 0.2, ""avg_delta_conf"": -0.12333333333333334}}"
1757132755.4484477,phi4-mini:3.8b,60,1.796875,0.029948,177.551128,2.959185,40,20,0.954167,0,29,0.096207,0.105172,"{""format"": ""json"", ""temperature"": 0.2, ""top_p"": 0.95, ""top_k"": 1, ""repeat_penalty"": 1.1, ""num_thread"": 6, ""num_predict"": 22, ""raw"": true}","{""general"": {""domain"": ""general"", ""total"": 15, ""search"": 14, ""no_search"": 1, ""avg_confidence"": 0.9533333333333331, ""discrepancies"": 4, ""discrepancies_pct"": 0.26666666666666666, ""avg_delta_conf"": 0.13749999999999996}, ""mental_health"": {""domain"": ""mental_health"", ""total"": 15, ""search"": 11, ""no_search"": 4, ""avg_confidence"": 0.9366666666666664, ""discrepancies"": 11, ""discrepancies_pct"": 0.7333333333333333, ""avg_delta_conf"": 0.08909090909090908}, ""programming"": {""domain"": ""programming"", ""total"": 15, ""search"": 12, ""no_search"": 3, ""avg_confidence"": 0.9366666666666663, ""discrepancies"": 11, ""discrepancies_pct"": 0.7333333333333333, ""avg_delta_conf"": 0.1227272727272727}, ""math"": {""domain"": ""math"", ""total"": 15, ""search"": 3, ""no_search"": 12, ""avg_confidence"": 0.99, ""discrepancies"": 3, ""discrepancies_pct"": 0.2, ""avg_delta_conf"": -0.030000000000000027}}"
1757132799.6334708,granite3.1-moe:1b,60,1.515625,0.025260,42.944631,0.715744,14,46,0.931500,0,27,0.074444,0.078148,"{""format"": ""json"", ""temperature"": 0.2, ""top_p"": 0.95, ""top_k"": 1, ""repeat_penalty"": 1.1, ""num_thread"": 6, ""num_predict"": 22, ""raw"": true}","{""general"": {""domain"": ""general"", ""total"": 15, ""search"": 0, ""no_search"": 15, ""avg_confidence"": 0.9519999999999998, ""discrepancies"": 12, ""discrepancies_pct"": 0.8, ""avg_delta_conf"": 0.054999999999999945}, ""mental_health"": {""domain"": ""mental_health"", ""total"": 15, ""search"": 5, ""no_search"": 10, ""avg_confidence"": 0.9453333333333332, ""discrepancies"": 5, ""discrepancies_pct"": 0.3333333333333333, ""avg_delta_conf"": 0.10399999999999998}, ""programming"": {""domain"": ""programming"", ""total"": 15, ""search"": 6, ""no_search"": 9, ""avg_confidence"": 0.9153333333333331, ""discrepancies"": 7, ""discrepancies_pct"": 0.4666666666666667, ""avg_delta_conf"": 0.12285714285714282}, ""math"": {""domain"": ""math"", ""total"": 15, ""search"": 3, ""no_search"": 12, ""avg_confidence"": 0.9133333333333333, ""discrepancies"": 3, ""discrepancies_pct"": 0.2, ""avg_delta_conf"": -0.010000000000000009}}"
1757132898.5420253,falcon3:1b,60,1.718750,0.028646,96.806231,1.613437,33,27,0.957000,0,36,0.081667,0.095000,"{""format"": ""json"", ""temperature"": 0.2, ""top_p"": 0.95, ""top_k"": 1, ""repeat_penalty"": 1.1, ""num_thread"": 6, ""num_predict"": 22, ""raw"": true}","{""general"": {""domain"": ""general"", ""total"": 15, ""search"": 6, ""no_search"": 9, ""avg_confidence"": 0.9153333333333332, ""discrepancies"": 8, ""discrepancies_pct"": 0.5333333333333333, ""avg_delta_conf"": 0.04374999999999998}, ""mental_health"": {""domain"": ""mental_health"", ""total"": 15, ""search"": 12, ""no_search"": 3, ""avg_confidence"": 0.9493333333333335, ""discrepancies"": 12, ""discrepancies_pct"": 0.8, ""avg_delta_conf"": 0.12416666666666669}, ""programming"": {""domain"": ""programming"", ""total"": 15, ""search"": 6, ""no_search"": 9, ""avg_confidence"": 0.9920000000000002, ""discrepancies"": 7, ""discrepancies_pct"": 0.4666666666666667, ""avg_delta_conf"": 0.16857142857142854}, ""math"": {""domain"": ""math"", ""total"": 15, ""search"": 9, ""no_search"": 6, ""avg_confidence"": 0.9713333333333336, ""discrepancies"": 9, ""discrepancies_pct"": 0.6, ""avg_delta_conf"": -0.008888888888888884}}"
1757133033.6467876,granite3.3:2b,60,1.625000,0.027083,133.511495,2.225192,20,40,0.937667,0,17,0.078235,0.085294,"{""format"": ""json"", ""temperature"": 0.2, ""top_p"": 0.95, ""top_k"": 1, ""repeat_penalty"": 1.1, ""num_thread"": 6, ""num_predict"": 22, ""raw"": true}","{""general"": {""domain"": ""general"", ""total"": 15, ""search"": 7, ""no_search"": 8, ""avg_confidence"": 0.9586666666666664, ""discrepancies"": 5, ""discrepancies_pct"": 0.3333333333333333, ""avg_delta_conf"": 0.08599999999999997}, ""mental_health"": {""domain"": ""mental_health"", ""total"": 15, ""search"": 5, ""no_search"": 10, ""avg_confidence"": 0.8533333333333333, ""discrepancies"": 5, ""discrepancies_pct"": 0.3333333333333333, ""avg_delta_conf"": 0.07000000000000002}, ""programming"": {""domain"": ""programming"", ""total"": 15, ""search"": 8, ""no_search"": 7, ""avg_confidence"": 0.9439999999999997, ""discrepancies"": 7, ""discrepancies_pct"": 0.4666666666666667, ""avg_delta_conf"": 0.07857142857142854}, ""math"": {""domain"": ""math"", ""total"": 15, ""search"": 0, ""no_search"": 15, ""avg_confidence"": 0.9946666666666668, ""discrepancies"": 0, ""discrepancies_pct"": 0.0, ""avg_delta_conf"": 0.0}}"
1757133074.554956,qwen2.5:0.5b-instruct,60,1.640625,0.027344,40.320760,0.672013,14,46,0.958000,0,27,0.060741,0.080000,"{""format"": ""json"", ""temperature"": 0.2, ""top_p"": 0.95, ""top_k"": 1, ""repeat_penalty"": 1.1, ""num_thread"": 6, ""num_predict"": 22, ""raw"": true}","{""general"": {""domain"": ""general"", ""total"": 15, ""search"": 0, ""no_search"": 15, ""avg_confidence"": 0.9499999999999998, ""discrepancies"": 12, ""discrepancies_pct"": 0.8, ""avg_delta_conf"": 0.03999999999999998}, ""mental_health"": {""domain"": ""mental_health"", ""total"": 15, ""search"": 3, ""no_search"": 12, ""avg_confidence"": 0.9773333333333334, ""discrepancies"": 3, ""discrepancies_pct"": 0.2, ""avg_delta_conf"": 0.16666666666666666}, ""programming"": {""domain"": ""programming"", ""total"": 15, ""search"": 4, ""no_search"": 11, ""avg_confidence"": 0.9093333333333333, ""discrepancies"": 5, ""discrepancies_pct"": 0.3333333333333333, ""avg_delta_conf"": 0.118}, ""math"": {""domain"": ""math"", ""total"": 15, ""search"": 7, ""no_search"": 8, ""avg_confidence"": 0.9953333333333334, ""discrepancies"": 7, ""discrepancies_pct"": 0.4666666666666667, ""avg_delta_conf"": 0.010000000000000009}}"
1757133156.9365752,llama3.2:1b,60,1.765625,0.029427,80.291808,1.338197,12,48,0.646500,0,21,-0.194762,0.222381,"{""format"": ""json"", ""temperature"": 0.2, ""top_p"": 0.95, ""top_k"": 1, ""repeat_penalty"": 1.1, ""num_thread"": 6, ""num_predict"": 22, ""raw"": true}","{""general"": {""domain"": ""general"", ""total"": 15, ""search"": 2, ""no_search"": 13, ""avg_confidence"": 0.4993333333333333, ""discrepancies"": 10, ""discrepancies_pct"": 0.6666666666666666, ""avg_delta_conf"": -0.31800000000000006}, ""mental_health"": {""domain"": ""mental_health"", ""total"": 15, ""search"": 1, ""no_search"": 14, ""avg_confidence"": 0.5526666666666666, ""discrepancies"": 1, ""discrepancies_pct"": 0.06666666666666667, ""avg_delta_conf"": -0.030000000000000027}, ""programming"": {""domain"": ""programming"", ""total"": 15, ""search"": 6, ""no_search"": 9, ""avg_confidence"": 0.7066666666666667, ""discrepancies"": 7, ""discrepancies_pct"": 0.4666666666666667, ""avg_delta_conf"": -0.07285714285714287}, ""math"": {""domain"": ""math"", ""total"": 15, ""search"": 3, ""no_search"": 12, ""avg_confidence"": 0.8273333333333334, ""discrepancies"": 3, ""discrepancies_pct"": 0.2, ""avg_delta_conf"": -0.12333333333333334}}"
1757133324.5787454,phi4-mini:3.8b,60,1.640625,0.027344,164.856831,2.747614,40,20,0.954167,0,29,0.096207,0.105172,"{""format"": ""json"", ""temperature"": 0.18, ""top_p"": 0.52, ""top_k"": 1, ""repeat_penalty"": 1.1, ""num_thread"": 6, ""num_predict"": 22, ""raw"": true}","{""general"": {""domain"": ""general"", ""total"": 15, ""search"": 14, ""no_search"": 1, ""avg_confidence"": 0.9533333333333331, ""discrepancies"": 4, ""discrepancies_pct"": 0.26666666666666666, ""avg_delta_conf"": 0.13749999999999996}, ""mental_health"": {""domain"": ""mental_health"", ""total"": 15, ""search"": 11, ""no_search"": 4, ""avg_confidence"": 0.9366666666666664, ""discrepancies"": 11, ""discrepancies_pct"": 0.7333333333333333, ""avg_delta_conf"": 0.08909090909090908}, ""programming"": {""domain"": ""programming"", ""total"": 15, ""search"": 12, ""no_search"": 3, ""avg_confidence"": 0.9366666666666663, ""discrepancies"": 11, ""discrepancies_pct"": 0.7333333333333333, ""avg_delta_conf"": 0.1227272727272727}, ""math"": {""domain"": ""math"", ""total"": 15, ""search"": 3, ""no_search"": 12, ""avg_confidence"": 0.99, ""discrepancies"": 3, ""discrepancies_pct"": 0.2, ""avg_delta_conf"": -0.030000000000000027}}"
1757133364.418891,granite3.1-moe:1b,60,1.390625,0.023177,38.614403,0.643573,14,46,0.931500,0,27,0.074444,0.078148,"{""format"": ""json"", ""temperature"": 0.18, ""top_p"": 0.52, ""top_k"": 1, ""repeat_penalty"": 1.1, ""num_thread"": 6, ""num_predict"": 22, ""raw"": true}","{""general"": {""domain"": ""general"", ""total"": 15, ""search"": 0, ""no_search"": 15, ""avg_confidence"": 0.9519999999999998, ""discrepancies"": 12, ""discrepancies_pct"": 0.8, ""avg_delta_conf"": 0.054999999999999945}, ""mental_health"": {""domain"": ""mental_health"", ""total"": 15, ""search"": 5, ""no_search"": 10, ""avg_confidence"": 0.9453333333333332, ""discrepancies"": 5, ""discrepancies_pct"": 0.3333333333333333, ""avg_delta_conf"": 0.10399999999999998}, ""programming"": {""domain"": ""programming"", ""total"": 15, ""search"": 6, ""no_search"": 9, ""avg_confidence"": 0.9153333333333331, ""discrepancies"": 7, ""discrepancies_pct"": 0.4666666666666667, ""avg_delta_conf"": 0.12285714285714282}, ""math"": {""domain"": ""math"", ""total"": 15, ""search"": 3, ""no_search"": 12, ""avg_confidence"": 0.9133333333333333, ""discrepancies"": 3, ""discrepancies_pct"": 0.2, ""avg_delta_conf"": -0.010000000000000009}}"
1757133452.1294403,falcon3:1b,60,1.500000,0.025000,85.723894,1.428732,33,27,0.957000,0,36,0.081667,0.095000,"{""format"": ""json"", ""temperature"": 0.18, ""top_p"": 0.52, ""top_k"": 1, ""repeat_penalty"": 1.1, ""num_thread"": 6, ""num_predict"": 22, ""raw"": true}","{""general"": {""domain"": ""general"", ""total"": 15, ""search"": 6, ""no_search"": 9, ""avg_confidence"": 0.9153333333333332, ""discrepancies"": 8, ""discrepancies_pct"": 0.5333333333333333, ""avg_delta_conf"": 0.04374999999999998}, ""mental_health"": {""domain"": ""mental_health"", ""total"": 15, ""search"": 12, ""no_search"": 3, ""avg_confidence"": 0.9493333333333335, ""discrepancies"": 12, ""discrepancies_pct"": 0.8, ""avg_delta_conf"": 0.12416666666666669}, ""programming"": {""domain"": ""programming"", ""total"": 15, ""search"": 6, ""no_search"": 9, ""avg_confidence"": 0.9920000000000002, ""discrepancies"": 7, ""discrepancies_pct"": 0.4666666666666667, ""avg_delta_conf"": 0.16857142857142854}, ""math"": {""domain"": ""math"", ""total"": 15, ""search"": 9, ""no_search"": 6, ""avg_confidence"": 0.9713333333333336, ""discrepancies"": 9, ""discrepancies_pct"": 0.6, ""avg_delta_conf"": -0.008888888888888884}}"
1757133577.6642997,granite3.3:2b,60,1.656250,0.027604,124.080387,2.068006,20,40,0.937667,0,17,0.078235,0.085294,"{""format"": ""json"", ""temperature"": 0.18, ""top_p"": 0.52, ""top_k"": 1, ""repeat_penalty"": 1.1, ""num_thread"": 6, ""num_predict"": 22, ""raw"": true}","{""general"": {""domain"": ""general"", ""total"": 15, ""search"": 7, ""no_search"": 8, ""avg_confidence"": 0.9586666666666664, ""discrepancies"": 5, ""discrepancies_pct"": 0.3333333333333333, ""avg_delta_conf"": 0.08599999999999997}, ""mental_health"": {""domain"": ""mental_health"", ""total"": 15, ""search"": 5, ""no_search"": 10, ""avg_confidence"": 0.8533333333333333, ""discrepancies"": 5, ""discrepancies_pct"": 0.3333333333333333, ""avg_delta_conf"": 0.07000000000000002}, ""programming"": {""domain"": ""programming"", ""total"": 15, ""search"": 8, ""no_search"": 7, ""avg_confidence"": 0.9439999999999997, ""discrepancies"": 7, ""discrepancies_pct"": 0.4666666666666667, ""avg_delta_conf"": 0.07857142857142854}, ""math"": {""domain"": ""math"", ""total"": 15, ""search"": 0, ""no_search"": 15, ""avg_confidence"": 0.9946666666666668, ""discrepancies"": 0, ""discrepancies_pct"": 0.0, ""avg_delta_conf"": 0.0}}"
1757133616.401311,qwen2.5:0.5b-instruct,60,1.531250,0.025521,36.989657,0.616494,14,46,0.958000,0,27,0.060741,0.080000,"{""format"": ""json"", ""temperature"": 0.18, ""top_p"": 0.52, ""top_k"": 1, ""repeat_penalty"": 1.1, ""num_thread"": 6, ""num_predict"": 22, ""raw"": true}","{""general"": {""domain"": ""general"", ""total"": 15, ""search"": 0, ""no_search"": 15, ""avg_confidence"": 0.9499999999999998, ""discrepancies"": 12, ""discrepancies_pct"": 0.8, ""avg_delta_conf"": 0.03999999999999998}, ""mental_health"": {""domain"": ""mental_health"", ""total"": 15, ""search"": 3, ""no_search"": 12, ""avg_confidence"": 0.9773333333333334, ""discrepancies"": 3, ""discrepancies_pct"": 0.2, ""avg_delta_conf"": 0.16666666666666666}, ""programming"": {""domain"": ""programming"", ""total"": 15, ""search"": 4, ""no_search"": 11, ""avg_confidence"": 0.9093333333333333, ""discrepancies"": 5, ""discrepancies_pct"": 0.3333333333333333, ""avg_delta_conf"": 0.118}, ""math"": {""domain"": ""math"", ""total"": 15, ""search"": 7, ""no_search"": 8, ""avg_confidence"": 0.9953333333333334, ""discrepancies"": 7, ""discrepancies_pct"": 0.4666666666666667, ""avg_delta_conf"": 0.010000000000000009}}"
1757133687.1858773,llama3.2:1b,60,1.656250,0.027604,68.957291,1.149288,12,48,0.646500,0,21,-0.194762,0.222381,"{""format"": ""json"", ""temperature"": 0.18, ""top_p"": 0.52, ""top_k"": 1, ""repeat_penalty"": 1.1, ""num_thread"": 6, ""num_predict"": 22, ""raw"": true}","{""general"": {""domain"": ""general"", ""total"": 15, ""search"": 2, ""no_search"": 13, ""avg_confidence"": 0.4993333333333333, ""discrepancies"": 10, ""discrepancies_pct"": 0.6666666666666666, ""avg_delta_conf"": -0.31800000000000006}, ""mental_health"": {""domain"": ""mental_health"", ""total"": 15, ""search"": 1, ""no_search"": 14, ""avg_confidence"": 0.5526666666666666, ""discrepancies"": 1, ""discrepancies_pct"": 0.06666666666666667, ""avg_delta_conf"": -0.030000000000000027}, ""programming"": {""domain"": ""programming"", ""total"": 15, ""search"": 6, ""no_search"": 9, ""avg_confidence"": 0.7066666666666667, ""discrepancies"": 7, ""discrepancies_pct"": 0.4666666666666667, ""avg_delta_conf"": -0.07285714285714287}, ""math"": {""domain"": ""math"", ""total"": 15, ""search"": 3, ""no_search"": 12, ""avg_confidence"": 0.8273333333333334, ""discrepancies"": 3, ""discrepancies_pct"": 0.2, ""avg_delta_conf"": -0.12333333333333334}}"
1757133846.5597992,phi4-mini:3.8b,60,1.765625,0.029427,156.673762,2.611229,40,20,0.954167,0,29,0.096207,0.105172,"{""format"": ""json"", ""temperature"": 0.07, ""top_p"": 0.75, ""top_k"": 1, ""repeat_penalty"": 1.1, ""num_thread"": 6, ""num_predict"": 22, ""raw"": true}","{""general"": {""domain"": ""general"", ""total"": 15, ""search"": 14, ""no_search"": 1, ""avg_confidence"": 0.9533333333333331, ""discrepancies"": 4, ""discrepancies_pct"": 0.26666666666666666, ""avg_delta_conf"": 0.13749999999999996}, ""mental_health"": {""domain"": ""mental_health"", ""total"": 15, ""search"": 11, ""no_search"": 4, ""avg_confidence"": 0.9366666666666664, ""discrepancies"": 11, ""discrepancies_pct"": 0.7333333333333333, ""avg_delta_conf"": 0.08909090909090908}, ""programming"": {""domain"": ""programming"", ""total"": 15, ""search"": 12, ""no_search"": 3, ""avg_confidence"": 0.9366666666666663, ""discrepancies"": 11, ""discrepancies_pct"": 0.7333333333333333, ""avg_delta_conf"": 0.1227272727272727}, ""math"": {""domain"": ""math"", ""total"": 15, ""search"": 3, ""no_search"": 12, ""avg_confidence"": 0.99, ""discrepancies"": 3, ""discrepancies_pct"": 0.2, ""avg_delta_conf"": -0.030000000000000027}}"
1757133886.410328,granite3.1-moe:1b,60,1.562500,0.026042,38.552683,0.642545,14,46,0.931500,0,27,0.074444,0.078148,"{""format"": ""json"", ""temperature"": 0.07, ""top_p"": 0.75, ""top_k"": 1, ""repeat_penalty"": 1.1, ""num_thread"": 6, ""num_predict"": 22, ""raw"": true}","{""general"": {""domain"": ""general"", ""total"": 15, ""search"": 0, ""no_search"": 15, ""avg_confidence"": 0.9519999999999998, ""discrepancies"": 12, ""discrepancies_pct"": 0.8, ""avg_delta_conf"": 0.054999999999999945}, ""mental_health"": {""domain"": ""mental_health"", ""total"": 15, ""search"": 5, ""no_search"": 10, ""avg_confidence"": 0.9453333333333332, ""discrepancies"": 5, ""discrepancies_pct"": 0.3333333333333333, ""avg_delta_conf"": 0.10399999999999998}, ""programming"": {""domain"": ""programming"", ""total"": 15, ""search"": 6, ""no_search"": 9, ""avg_confidence"": 0.9153333333333331, ""discrepancies"": 7, ""discrepancies_pct"": 0.4666666666666667, ""avg_delta_conf"": 0.12285714285714282}, ""math"": {""domain"": ""math"", ""total"": 15, ""search"": 3, ""no_search"": 12, ""avg_confidence"": 0.9133333333333333, ""discrepancies"": 3, ""discrepancies_pct"": 0.2, ""avg_delta_conf"": -0.010000000000000009}}"
1757133973.911974,falcon3:1b,60,1.718750,0.028646,85.469375,1.424490,33,27,0.957000,0,36,0.081667,0.095000,"{""format"": ""json"", ""temperature"": 0.07, ""top_p"": 0.75, ""top_k"": 1, ""repeat_penalty"": 1.1, ""num_thread"": 6, ""num_predict"": 22, ""raw"": true}","{""general"": {""domain"": ""general"", ""total"": 15, ""search"": 6, ""no_search"": 9, ""avg_confidence"": 0.9153333333333332, ""discrepancies"": 8, ""discrepancies_pct"": 0.5333333333333333, ""avg_delta_conf"": 0.04374999999999998}, ""mental_health"": {""domain"": ""mental_health"", ""total"": 15, ""search"": 12, ""no_search"": 3, ""avg_confidence"": 0.9493333333333335, ""discrepancies"": 12, ""discrepancies_pct"": 0.8, ""avg_delta_conf"": 0.12416666666666669}, ""programming"": {""domain"": ""programming"", ""total"": 15, ""search"": 6, ""no_search"": 9, ""avg_confidence"": 0.9920000000000002, ""discrepancies"": 7, ""discrepancies_pct"": 0.4666666666666667, ""avg_delta_conf"": 0.16857142857142854}, ""math"": {""domain"": ""math"", ""total"": 15, ""search"": 9, ""no_search"": 6, ""avg_confidence"": 0.9713333333333336, ""discrepancies"": 9, ""discrepancies_pct"": 0.6, ""avg_delta_conf"": -0.008888888888888884}}"
1757134099.2226665,granite3.3:2b,60,1.734375,0.028906,123.798368,2.063306,20,40,0.937667,0,17,0.078235,0.085294,"{""format"": ""json"", ""temperature"": 0.07, ""top_p"": 0.75, ""top_k"": 1, ""repeat_penalty"": 1.1, ""num_thread"": 6, ""num_predict"": 22, ""raw"": true}","{""general"": {""domain"": ""general"", ""total"": 15, ""search"": 7, ""no_search"": 8, ""avg_confidence"": 0.9586666666666664, ""discrepancies"": 5, ""discrepancies_pct"": 0.3333333333333333, ""avg_delta_conf"": 0.08599999999999997}, ""mental_health"": {""domain"": ""mental_health"", ""total"": 15, ""search"": 5, ""no_search"": 10, ""avg_confidence"": 0.8533333333333333, ""discrepancies"": 5, ""discrepancies_pct"": 0.3333333333333333, ""avg_delta_conf"": 0.07000000000000002}, ""programming"": {""domain"": ""programming"", ""total"": 15, ""search"": 8, ""no_search"": 7, ""avg_confidence"": 0.9439999999999997, ""discrepancies"": 7, ""discrepancies_pct"": 0.4666666666666667, ""avg_delta_conf"": 0.07857142857142854}, ""math"": {""domain"": ""math"", ""total"": 15, ""search"": 0, ""no_search"": 15, ""avg_confidence"": 0.9946666666666668, ""discrepancies"": 0, ""discrepancies_pct"": 0.0, ""avg_delta_conf"": 0.0}}"
1757134137.7360554,qwen2.5:0.5b-instruct,60,1.562500,0.026042,36.458541,0.607642,14,46,0.958000,0,27,0.060741,0.080000,"{""format"": ""json"", ""temperature"": 0.07, ""top_p"": 0.75, ""top_k"": 1, ""repeat_penalty"": 1.1, ""num_thread"": 6, ""num_predict"": 22, ""raw"": true}","{""general"": {""domain"": ""general"", ""total"": 15, ""search"": 0, ""no_search"": 15, ""avg_confidence"": 0.9499999999999998, ""discrepancies"": 12, ""discrepancies_pct"": 0.8, ""avg_delta_conf"": 0.03999999999999998}, ""mental_health"": {""domain"": ""mental_health"", ""total"": 15, ""search"": 3, ""no_search"": 12, ""avg_confidence"": 0.9773333333333334, ""discrepancies"": 3, ""discrepancies_pct"": 0.2, ""avg_delta_conf"": 0.16666666666666666}, ""programming"": {""domain"": ""programming"", ""total"": 15, ""search"": 4, ""no_search"": 11, ""avg_confidence"": 0.9093333333333333, ""discrepancies"": 5, ""discrepancies_pct"": 0.3333333333333333, ""avg_delta_conf"": 0.118}, ""math"": {""domain"": ""math"", ""total"": 15, ""search"": 7, ""no_search"": 8, ""avg_confidence"": 0.9953333333333334, ""discrepancies"": 7, ""discrepancies_pct"": 0.4666666666666667, ""avg_delta_conf"": 0.010000000000000009}}"
1757134209.6175606,llama3.2:1b,60,1.687500,0.028125,70.069968,1.167833,12,48,0.646500,0,21,-0.194762,0.222381,"{""format"": ""json"", ""temperature"": 0.07, ""top_p"": 0.75, ""top_k"": 1, ""repeat_penalty"": 1.1, ""num_thread"": 6, ""num_predict"": 22, ""raw"": true}","{""general"": {""domain"": ""general"", ""total"": 15, ""search"": 2, ""no_search"": 13, ""avg_confidence"": 0.4993333333333333, ""discrepancies"": 10, ""discrepancies_pct"": 0.6666666666666666, ""avg_delta_conf"": -0.31800000000000006}, ""mental_health"": {""domain"": ""mental_health"", ""total"": 15, ""search"": 1, ""no_search"": 14, ""avg_confidence"": 0.5526666666666666, ""discrepancies"": 1, ""discrepancies_pct"": 0.06666666666666667, ""avg_delta_conf"": -0.030000000000000027}, ""programming"": {""domain"": ""programming"", ""total"": 15, ""search"": 6, ""no_search"": 9, ""avg_confidence"": 0.7066666666666667, ""discrepancies"": 7, ""discrepancies_pct"": 0.4666666666666667, ""avg_delta_conf"": -0.07285714285714287}, ""math"": {""domain"": ""math"", ""total"": 15, ""search"": 3, ""no_search"": 12, ""avg_confidence"": 0.8273333333333334, ""discrepancies"": 3, ""discrepancies_pct"": 0.2, ""avg_delta_conf"": -0.12333333333333334}}"
1757134369.5902653,phi4-mini:3.8b,60,1.781250,0.029687,157.148953,2.619149,40,20,0.954167,0,29,0.096207,0.105172,"{""format"": ""json"", ""temperature"": 0.74, ""top_p"": 0.39, ""top_k"": 45, ""repeat_penalty"": 1.1, ""num_thread"": 6, ""num_predict"": 22, ""raw"": true}","{""general"": {""domain"": ""general"", ""total"": 15, ""search"": 14, ""no_search"": 1, ""avg_confidence"": 0.9533333333333331, ""discrepancies"": 4, ""discrepancies_pct"": 0.26666666666666666, ""avg_delta_conf"": 0.13749999999999996}, ""mental_health"": {""domain"": ""mental_health"", ""total"": 15, ""search"": 11, ""no_search"": 4, ""avg_confidence"": 0.9366666666666664, ""discrepancies"": 11, ""discrepancies_pct"": 0.7333333333333333, ""avg_delta_conf"": 0.08909090909090908}, ""programming"": {""domain"": ""programming"", ""total"": 15, ""search"": 12, ""no_search"": 3, ""avg_confidence"": 0.9366666666666663, ""discrepancies"": 11, ""discrepancies_pct"": 0.7333333333333333, ""avg_delta_conf"": 0.1227272727272727}, ""math"": {""domain"": ""math"", ""total"": 15, ""search"": 3, ""no_search"": 12, ""avg_confidence"": 0.99, ""discrepancies"": 3, ""discrepancies_pct"": 0.2, ""avg_delta_conf"": -0.030000000000000027}}"
1757134409.462866,granite3.1-moe:1b,60,1.515625,0.025260,38.063894,0.634398,14,46,0.931500,0,27,0.074444,0.078148,"{""format"": ""json"", ""temperature"": 0.74, ""top_p"": 0.39, ""top_k"": 45, ""repeat_penalty"": 1.1, ""num_thread"": 6, ""num_predict"": 22, ""raw"": true}","{""general"": {""domain"": ""general"", ""total"": 15, ""search"": 0, ""no_search"": 15, ""avg_confidence"": 0.9519999999999998, ""discrepancies"": 12, ""discrepancies_pct"": 0.8, ""avg_delta_conf"": 0.054999999999999945}, ""mental_health"": {""domain"": ""mental_health"", ""total"": 15, ""search"": 5, ""no_search"": 10, ""avg_confidence"": 0.9453333333333332, ""discrepancies"": 5, ""discrepancies_pct"": 0.3333333333333333, ""avg_delta_conf"": 0.10399999999999998}, ""programming"": {""domain"": ""programming"", ""total"": 15, ""search"": 6, ""no_search"": 9, ""avg_confidence"": 0.9153333333333331, ""discrepancies"": 7, ""discrepancies_pct"": 0.4666666666666667, ""avg_delta_conf"": 0.12285714285714282}, ""math"": {""domain"": ""math"", ""total"": 15, ""search"": 3, ""no_search"": 12, ""avg_confidence"": 0.9133333333333333, ""discrepancies"": 3, ""discrepancies_pct"": 0.2, ""avg_delta_conf"": -0.010000000000000009}}"
1757134498.4551296,falcon3:1b,60,1.687500,0.028125,87.269903,1.454498,33,27,0.952833,0,36,0.075000,0.091111,"{""format"": ""json"", ""temperature"": 0.74, ""top_p"": 0.39, ""top_k"": 45, ""repeat_penalty"": 1.1, ""num_thread"": 6, ""num_predict"": 22, ""raw"": true}","{""general"": {""domain"": ""general"", ""total"": 15, ""search"": 6, ""no_search"": 9, ""avg_confidence"": 0.9153333333333332, ""discrepancies"": 8, ""discrepancies_pct"": 0.5333333333333333, ""avg_delta_conf"": 0.04374999999999998}, ""mental_health"": {""domain"": ""mental_health"", ""total"": 15, ""search"": 12, ""no_search"": 3, ""avg_confidence"": 0.946, ""discrepancies"": 12, ""discrepancies_pct"": 0.8, ""avg_delta_conf"": 0.11416666666666668}, ""programming"": {""domain"": ""programming"", ""total"": 15, ""search"": 6, ""no_search"": 9, ""avg_confidence"": 0.9873333333333335, ""discrepancies"": 7, ""discrepancies_pct"": 0.4666666666666667, ""avg_delta_conf"": 0.15857142857142856}, ""math"": {""domain"": ""math"", ""total"": 15, ""search"": 9, ""no_search"": 6, ""avg_confidence"": 0.9626666666666669, ""discrepancies"": 9, ""discrepancies_pct"": 0.6, ""avg_delta_conf"": -0.014444444444444446}}"
1757134623.4872675,granite3.3:2b,60,1.625000,0.027083,123.259202,2.054320,20,40,0.945167,0,17,0.078235,0.085294,"{""format"": ""json"", ""temperature"": 0.74, ""top_p"": 0.39, ""top_k"": 45, ""repeat_penalty"": 1.1, ""num_thread"": 6, ""num_predict"": 22, ""raw"": true}","{""general"": {""domain"": ""general"", ""total"": 15, ""search"": 7, ""no_search"": 8, ""avg_confidence"": 0.9586666666666664, ""discrepancies"": 5, ""discrepancies_pct"": 0.3333333333333333, ""avg_delta_conf"": 0.08599999999999997}, ""mental_health"": {""domain"": ""mental_health"", ""total"": 15, ""search"": 5, ""no_search"": 10, ""avg_confidence"": 0.8833333333333332, ""discrepancies"": 5, ""discrepancies_pct"": 0.3333333333333333, ""avg_delta_conf"": 0.07000000000000002}, ""programming"": {""domain"": ""programming"", ""total"": 15, ""search"": 8, ""no_search"": 7, ""avg_confidence"": 0.9439999999999997, ""discrepancies"": 7, ""discrepancies_pct"": 0.4666666666666667, ""avg_delta_conf"": 0.07857142857142854}, ""math"": {""domain"": ""math"", ""total"": 15, ""search"": 0, ""no_search"": 15, ""avg_confidence"": 0.9946666666666668, ""discrepancies"": 0, ""discrepancies_pct"": 0.0, ""avg_delta_conf"": 0.0}}"
1757134662.454503,qwen2.5:0.5b-instruct,60,1.562500,0.026042,37.354606,0.622577,14,46,0.956667,0,27,0.059630,0.080370,"{""format"": ""json"", ""temperature"": 0.74, ""top_p"": 0.39, ""top_k"": 45, ""repeat_penalty"": 1.1, ""num_thread"": 6, ""num_predict"": 22, ""raw"": true}","{""general"": {""domain"": ""general"", ""total"": 15, ""search"": 0, ""no_search"": 15, ""avg_confidence"": 0.9540000000000001, ""discrepancies"": 12, ""discrepancies_pct"": 0.8, ""avg_delta_conf"": 0.044999999999999984}, ""mental_health"": {""domain"": ""mental_health"", ""total"": 15, ""search"": 3, ""no_search"": 12, ""avg_confidence"": 0.972, ""discrepancies"": 3, ""discrepancies_pct"": 0.2, ""avg_delta_conf"": 0.15666666666666665}, ""programming"": {""domain"": ""programming"", ""total"": 15, ""search"": 4, ""no_search"": 11, ""avg_confidence"": 0.9053333333333332, ""discrepancies"": 5, ""discrepancies_pct"": 0.3333333333333333, ""avg_delta_conf"": 0.10599999999999998}, ""math"": {""domain"": ""math"", ""total"": 15, ""search"": 7, ""no_search"": 8, ""avg_confidence"": 0.9953333333333334, ""discrepancies"": 7, ""discrepancies_pct"": 0.4666666666666667, ""avg_delta_conf"": 0.010000000000000009}}"
1757134734.8871496,llama3.2:1b,60,1.640625,0.027344,70.591536,1.176526,12,48,0.667500,0,21,-0.262381,0.296667,"{""format"": ""json"", ""temperature"": 0.74, ""top_p"": 0.39, ""top_k"": 45, ""repeat_penalty"": 1.1, ""num_thread"": 6, ""num_predict"": 22, ""raw"": true}","{""general"": {""domain"": ""general"", ""total"": 15, ""search"": 2, ""no_search"": 13, ""avg_confidence"": 0.46599999999999997, ""discrepancies"": 10, ""discrepancies_pct"": 0.6666666666666666, ""avg_delta_conf"": -0.45899999999999996}, ""mental_health"": {""domain"": ""mental_health"", ""total"": 15, ""search"": 1, ""no_search"": 14, ""avg_confidence"": 0.5286666666666667, ""discrepancies"": 1, ""discrepancies_pct"": 0.06666666666666667, ""avg_delta_conf"": -0.030000000000000027}, ""programming"": {""domain"": ""programming"", ""total"": 15, ""search"": 6, ""no_search"": 9, ""avg_confidence"": 0.7966666666666666, ""discrepancies"": 7, ""discrepancies_pct"": 0.4666666666666667, ""avg_delta_conf"": -0.08142857142857142}, ""math"": {""domain"": ""math"", ""total"": 15, ""search"": 3, ""no_search"": 12, ""avg_confidence"": 0.8786666666666666, ""discrepancies"": 3, ""discrepancies_pct"": 0.2, ""avg_delta_conf"": -0.10666666666666669}}"
1757134894.1773586,phi4-mini:3.8b,60,1.750000,0.029167,156.416512,2.606942,40,20,0.954167,0,29,0.096207,0.105172,"{""format"": ""json"", ""temperature"": 0.65, ""top_p"": 0.28, ""top_k"": 23, ""repeat_penalty"": 1.1, ""num_thread"": 6, ""num_predict"": 22, ""raw"": true}","{""general"": {""domain"": ""general"", ""total"": 15, ""search"": 14, ""no_search"": 1, ""avg_confidence"": 0.9533333333333331, ""discrepancies"": 4, ""discrepancies_pct"": 0.26666666666666666, ""avg_delta_conf"": 0.13749999999999996}, ""mental_health"": {""domain"": ""mental_health"", ""total"": 15, ""search"": 11, ""no_search"": 4, ""avg_confidence"": 0.9366666666666664, ""discrepancies"": 11, ""discrepancies_pct"": 0.7333333333333333, ""avg_delta_conf"": 0.08909090909090908}, ""programming"": {""domain"": ""programming"", ""total"": 15, ""search"": 12, ""no_search"": 3, ""avg_confidence"": 0.9366666666666663, ""discrepancies"": 11, ""discrepancies_pct"": 0.7333333333333333, ""avg_delta_conf"": 0.1227272727272727}, ""math"": {""domain"": ""math"", ""total"": 15, ""search"": 3, ""no_search"": 12, ""avg_confidence"": 0.99, ""discrepancies"": 3, ""discrepancies_pct"": 0.2, ""avg_delta_conf"": -0.030000000000000027}}"
1757134934.1596165,granite3.1-moe:1b,60,1.765625,0.029427,38.729269,0.645488,14,46,0.931500,0,27,0.074444,0.078148,"{""format"": ""json"", ""temperature"": 0.65, ""top_p"": 0.28, ""top_k"": 23, ""repeat_penalty"": 1.1, ""num_thread"": 6, ""num_predict"": 22, ""raw"": true}","{""general"": {""domain"": ""general"", ""total"": 15, ""search"": 0, ""no_search"": 15, ""avg_confidence"": 0.9519999999999998, ""discrepancies"": 12, ""discrepancies_pct"": 0.8, ""avg_delta_conf"": 0.054999999999999945}, ""mental_health"": {""domain"": ""mental_health"", ""total"": 15, ""search"": 5, ""no_search"": 10, ""avg_confidence"": 0.9453333333333332, ""discrepancies"": 5, ""discrepancies_pct"": 0.3333333333333333, ""avg_delta_conf"": 0.10399999999999998}, ""programming"": {""domain"": ""programming"", ""total"": 15, ""search"": 6, ""no_search"": 9, ""avg_confidence"": 0.9153333333333331, ""discrepancies"": 7, ""discrepancies_pct"": 0.4666666666666667, ""avg_delta_conf"": 0.12285714285714282}, ""math"": {""domain"": ""math"", ""total"": 15, ""search"": 3, ""no_search"": 12, ""avg_confidence"": 0.9133333333333333, ""discrepancies"": 3, ""discrepancies_pct"": 0.2, ""avg_delta_conf"": -0.010000000000000009}}"
1757135019.8700109,falcon3:1b,60,1.718750,0.028646,84.013309,1.400222,33,27,0.955167,0,36,0.078611,0.091944,"{""format"": ""json"", ""temperature"": 0.65, ""top_p"": 0.28, ""top_k"": 23, ""repeat_penalty"": 1.1, ""num_thread"": 6, ""num_predict"": 22, ""raw"": true}","{""general"": {""domain"": ""general"", ""total"": 15, ""search"": 6, ""no_search"": 9, ""avg_confidence"": 0.9153333333333332, ""discrepancies"": 8, ""discrepancies_pct"": 0.5333333333333333, ""avg_delta_conf"": 0.04374999999999998}, ""mental_health"": {""domain"": ""mental_health"", ""total"": 15, ""search"": 12, ""no_search"": 3, ""avg_confidence"": 0.9453333333333335, ""discrepancies"": 12, ""discrepancies_pct"": 0.8, ""avg_delta_conf"": 0.11916666666666668}, ""programming"": {""domain"": ""programming"", ""total"": 15, ""search"": 6, ""no_search"": 9, ""avg_confidence"": 0.9886666666666668, ""discrepancies"": 7, ""discrepancies_pct"": 0.4666666666666667, ""avg_delta_conf"": 0.16142857142857142}, ""math"": {""domain"": ""math"", ""total"": 15, ""search"": 9, ""no_search"": 6, ""avg_confidence"": 0.9713333333333336, ""discrepancies"": 9, ""discrepancies_pct"": 0.6, ""avg_delta_conf"": -0.008888888888888884}}"
1757135144.5564644,granite3.3:2b,60,1.656250,0.027604,123.082755,2.051379,20,40,0.945167,0,17,0.078235,0.085294,"{""format"": ""json"", ""temperature"": 0.65, ""top_p"": 0.28, ""top_k"": 23, ""repeat_penalty"": 1.1, ""num_thread"": 6, ""num_predict"": 22, ""raw"": true}","{""general"": {""domain"": ""general"", ""total"": 15, ""search"": 7, ""no_search"": 8, ""avg_confidence"": 0.9586666666666664, ""discrepancies"": 5, ""discrepancies_pct"": 0.3333333333333333, ""avg_delta_conf"": 0.08599999999999997}, ""mental_health"": {""domain"": ""mental_health"", ""total"": 15, ""search"": 5, ""no_search"": 10, ""avg_confidence"": 0.8833333333333332, ""discrepancies"": 5, ""discrepancies_pct"": 0.3333333333333333, ""avg_delta_conf"": 0.07000000000000002}, ""programming"": {""domain"": ""programming"", ""total"": 15, ""search"": 8, ""no_search"": 7, ""avg_confidence"": 0.9439999999999997, ""discrepancies"": 7, ""discrepancies_pct"": 0.4666666666666667, ""avg_delta_conf"": 0.07857142857142854}, ""math"": {""domain"": ""math"", ""total"": 15, ""search"": 0, ""no_search"": 15, ""avg_confidence"": 0.9946666666666668, ""discrepancies"": 0, ""discrepancies_pct"": 0.0, ""avg_delta_conf"": 0.0}}"
1757135183.923422,qwen2.5:0.5b-instruct,60,1.640625,0.027344,37.848279,0.630805,14,46,0.970000,0,27,0.057407,0.081111,"{""format"": ""json"", ""temperature"": 0.65, ""top_p"": 0.28, ""top_k"": 23, ""repeat_penalty"": 1.1, ""num_thread"": 6, ""num_predict"": 22, ""raw"": true}","{""general"": {""domain"": ""general"", ""total"": 15, ""search"": 0, ""no_search"": 15, ""avg_confidence"": 0.9499999999999998, ""discrepancies"": 12, ""discrepancies_pct"": 0.8, ""avg_delta_conf"": 0.03999999999999998}, ""mental_health"": {""domain"": ""mental_health"", ""total"": 15, ""search"": 3, ""no_search"": 12, ""avg_confidence"": 0.9760000000000001, ""discrepancies"": 3, ""discrepancies_pct"": 0.2, ""avg_delta_conf"": 0.16666666666666666}, ""programming"": {""domain"": ""programming"", ""total"": 15, ""search"": 4, ""no_search"": 11, ""avg_confidence"": 0.9626666666666667, ""discrepancies"": 5, ""discrepancies_pct"": 0.3333333333333333, ""avg_delta_conf"": 0.11199999999999999}, ""math"": {""domain"": ""math"", ""total"": 15, ""search"": 7, ""no_search"": 8, ""avg_confidence"": 0.9913333333333334, ""discrepancies"": 7, ""discrepancies_pct"": 0.4666666666666667, ""avg_delta_conf"": 0.0014285714285714457}}"
1757135254.5772235,llama3.2:1b,60,1.796875,0.029948,68.389773,1.139830,12,48,0.683833,0,21,-0.178095,0.208571,"{""format"": ""json"", ""temperature"": 0.65, ""top_p"": 0.28, ""top_k"": 23, ""repeat_penalty"": 1.1, ""num_thread"": 6, ""num_predict"": 22, ""raw"": true}","{""general"": {""domain"": ""general"", ""total"": 15, ""search"": 2, ""no_search"": 13, ""avg_confidence"": 0.5279999999999999, ""discrepancies"": 10, ""discrepancies_pct"": 0.6666666666666666, ""avg_delta_conf"": -0.277}, ""mental_health"": {""domain"": ""mental_health"", ""total"": 15, ""search"": 1, ""no_search"": 14, ""avg_confidence"": 0.6013333333333333, ""discrepancies"": 1, ""discrepancies_pct"": 0.06666666666666667, ""avg_delta_conf"": -0.030000000000000027}, ""programming"": {""domain"": ""programming"", ""total"": 15, ""search"": 6, ""no_search"": 9, ""avg_confidence"": 0.7406666666666666, ""discrepancies"": 7, ""discrepancies_pct"": 0.4666666666666667, ""avg_delta_conf"": -0.07142857142857142}, ""math"": {""domain"": ""math"", ""total"": 15, ""search"": 3, ""no_search"": 12, ""avg_confidence"": 0.8653333333333334, ""discrepancies"": 3, ""discrepancies_pct"": 0.2, ""avg_delta_conf"": -0.1466666666666667}}"
1757135413.4943428,phi4-mini:3.8b,60,1.609375,0.026823,156.193176,2.603220,40,20,0.954167,0,29,0.096207,0.105172,"{""format"": ""json"", ""temperature"": 0.92, ""top_p"": 0.4, ""top_k"": 17, ""repeat_penalty"": 1.1, ""num_thread"": 6, ""num_predict"": 22, ""raw"": true}","{""general"": {""domain"": ""general"", ""total"": 15, ""search"": 14, ""no_search"": 1, ""avg_confidence"": 0.9533333333333331, ""discrepancies"": 4, ""discrepancies_pct"": 0.26666666666666666, ""avg_delta_conf"": 0.13749999999999996}, ""mental_health"": {""domain"": ""mental_health"", ""total"": 15, ""search"": 11, ""no_search"": 4, ""avg_confidence"": 0.9366666666666664, ""discrepancies"": 11, ""discrepancies_pct"": 0.7333333333333333, ""avg_delta_conf"": 0.08909090909090908}, ""programming"": {""domain"": ""programming"", ""total"": 15, ""search"": 12, ""no_search"": 3, ""avg_confidence"": 0.9366666666666663, ""discrepancies"": 11, ""discrepancies_pct"": 0.7333333333333333, ""avg_delta_conf"": 0.1227272727272727}, ""math"": {""domain"": ""math"", ""total"": 15, ""search"": 3, ""no_search"": 12, ""avg_confidence"": 0.99, ""discrepancies"": 3, ""discrepancies_pct"": 0.2, ""avg_delta_conf"": -0.030000000000000027}}"
1757135453.4603274,granite3.1-moe:1b,60,1.687500,0.028125,38.268333,0.637806,14,46,0.929833,0,27,0.074444,0.078148,"{""format"": ""json"", ""temperature"": 0.92, ""top_p"": 0.4, ""top_k"": 17, ""repeat_penalty"": 1.1, ""num_thread"": 6, ""num_predict"": 22, ""raw"": true}","{""general"": {""domain"": ""general"", ""total"": 15, ""search"": 0, ""no_search"": 15, ""avg_confidence"": 0.9519999999999998, ""discrepancies"": 12, ""discrepancies_pct"": 0.8, ""avg_delta_conf"": 0.054999999999999945}, ""mental_health"": {""domain"": ""mental_health"", ""total"": 15, ""search"": 5, ""no_search"": 10, ""avg_confidence"": 0.9453333333333332, ""discrepancies"": 5, ""discrepancies_pct"": 0.3333333333333333, ""avg_delta_conf"": 0.10399999999999998}, ""programming"": {""domain"": ""programming"", ""total"": 15, ""search"": 6, ""no_search"": 9, ""avg_confidence"": 0.9086666666666665, ""discrepancies"": 7, ""discrepancies_pct"": 0.4666666666666667, ""avg_delta_conf"": 0.12285714285714282}, ""math"": {""domain"": ""math"", ""total"": 15, ""search"": 3, ""no_search"": 12, ""avg_confidence"": 0.9133333333333333, ""discrepancies"": 3, ""discrepancies_pct"": 0.2, ""avg_delta_conf"": -0.010000000000000009}}"
1757135538.70363,falcon3:1b,60,1.734375,0.028906,83.548345,1.392472,33,27,0.952667,0,36,0.074167,0.088056,"{""format"": ""json"", ""temperature"": 0.92, ""top_p"": 0.4, ""top_k"": 17, ""repeat_penalty"": 1.1, ""num_thread"": 6, ""num_predict"": 22, ""raw"": true}","{""general"": {""domain"": ""general"", ""total"": 15, ""search"": 6, ""no_search"": 9, ""avg_confidence"": 0.9146666666666666, ""discrepancies"": 8, ""discrepancies_pct"": 0.5333333333333333, ""avg_delta_conf"": 0.04374999999999998}, ""mental_health"": {""domain"": ""mental_health"", ""total"": 15, ""search"": 12, ""no_search"": 3, ""avg_confidence"": 0.9493333333333334, ""discrepancies"": 12, ""discrepancies_pct"": 0.8, ""avg_delta_conf"": 0.11833333333333333}, ""programming"": {""domain"": ""programming"", ""total"": 15, ""search"": 6, ""no_search"": 9, ""avg_confidence"": 0.98, ""discrepancies"": 7, ""discrepancies_pct"": 0.4666666666666667, ""avg_delta_conf"": 0.14285714285714282}, ""math"": {""domain"": ""math"", ""total"": 15, ""search"": 9, ""no_search"": 6, ""avg_confidence"": 0.9666666666666669, ""discrepancies"": 9, ""discrepancies_pct"": 0.6, ""avg_delta_conf"": -0.011111111111111108}}"
1757135664.1728628,granite3.3:2b,60,1.734375,0.028906,123.824334,2.063739,20,40,0.937667,0,17,0.078235,0.085294,"{""format"": ""json"", ""temperature"": 0.92, ""top_p"": 0.4, ""top_k"": 17, ""repeat_penalty"": 1.1, ""num_thread"": 6, ""num_predict"": 22, ""raw"": true}","{""general"": {""domain"": ""general"", ""total"": 15, ""search"": 7, ""no_search"": 8, ""avg_confidence"": 0.9586666666666664, ""discrepancies"": 5, ""discrepancies_pct"": 0.3333333333333333, ""avg_delta_conf"": 0.08599999999999997}, ""mental_health"": {""domain"": ""mental_health"", ""total"": 15, ""search"": 5, ""no_search"": 10, ""avg_confidence"": 0.8533333333333333, ""discrepancies"": 5, ""discrepancies_pct"": 0.3333333333333333, ""avg_delta_conf"": 0.07000000000000002}, ""programming"": {""domain"": ""programming"", ""total"": 15, ""search"": 8, ""no_search"": 7, ""avg_confidence"": 0.9439999999999997, ""discrepancies"": 7, ""discrepancies_pct"": 0.4666666666666667, ""avg_delta_conf"": 0.07857142857142854}, ""math"": {""domain"": ""math"", ""total"": 15, ""search"": 0, ""no_search"": 15, ""avg_confidence"": 0.9946666666666668, ""discrepancies"": 0, ""discrepancies_pct"": 0.0, ""avg_delta_conf"": 0.0}}"
1757135703.4487123,qwen2.5:0.5b-instruct,60,1.671875,0.027865,37.797636,0.629961,14,46,0.958167,0,27,0.061852,0.082593,"{""format"": ""json"", ""temperature"": 0.92, ""top_p"": 0.4, ""top_k"": 17, ""repeat_penalty"": 1.1, ""num_thread"": 6, ""num_predict"": 22, ""raw"": true}","{""general"": {""domain"": ""general"", ""total"": 15, ""search"": 0, ""no_search"": 15, ""avg_confidence"": 0.9540000000000001, ""discrepancies"": 12, ""discrepancies_pct"": 0.8, ""avg_delta_conf"": 0.04499999999999998}, ""mental_health"": {""domain"": ""mental_health"", ""total"": 15, ""search"": 3, ""no_search"": 12, ""avg_confidence"": 0.9760000000000001, ""discrepancies"": 3, ""discrepancies_pct"": 0.2, ""avg_delta_conf"": 0.16666666666666666}, ""programming"": {""domain"": ""programming"", ""total"": 15, ""search"": 4, ""no_search"": 11, ""avg_confidence"": 0.9093333333333333, ""discrepancies"": 5, ""discrepancies_pct"": 0.3333333333333333, ""avg_delta_conf"": 0.118}, ""math"": {""domain"": ""math"", ""total"": 15, ""search"": 7, ""no_search"": 8, ""avg_confidence"": 0.9933333333333334, ""discrepancies"": 7, ""discrepancies_pct"": 0.4666666666666667, ""avg_delta_conf"": 0.0057142857142857195}}"
1757135776.465346,llama3.2:1b,60,1.718750,0.028646,71.165788,1.186096,12,48,0.665833,0,21,-0.216190,0.235238,"{""format"": ""json"", ""temperature"": 0.92, ""top_p"": 0.4, ""top_k"": 17, ""repeat_penalty"": 1.1, ""num_thread"": 6, ""num_predict"": 22, ""raw"": true}","{""general"": {""domain"": ""general"", ""total"": 15, ""search"": 2, ""no_search"": 13, ""avg_confidence"": 0.44599999999999995, ""discrepancies"": 10, ""discrepancies_pct"": 0.6666666666666666, ""avg_delta_conf"": -0.403}, ""mental_health"": {""domain"": ""mental_health"", ""total"": 15, ""search"": 1, ""no_search"": 14, ""avg_confidence"": 0.6313333333333334, ""discrepancies"": 1, ""discrepancies_pct"": 0.06666666666666667, ""avg_delta_conf"": -0.010000000000000009}, ""programming"": {""domain"": ""programming"", ""total"": 15, ""search"": 6, ""no_search"": 9, ""avg_confidence"": 0.7406666666666666, ""discrepancies"": 7, ""discrepancies_pct"": 0.4666666666666667, ""avg_delta_conf"": -0.012857142857142869}, ""math"": {""domain"": ""math"", ""total"": 15, ""search"": 3, ""no_search"": 12, ""avg_confidence"": 0.8453333333333334, ""discrepancies"": 3, ""discrepancies_pct"": 0.2, ""avg_delta_conf"": -0.13666666666666663}}"
1757135935.2180119,phi4-mini:3.8b,60,1.593750,0.026562,156.056727,2.600945,40,20,0.954167,0,29,0.096207,0.105172,"{""format"": ""json"", ""temperature"": 0.65, ""top_p"": 0.21, ""top_k"": 20, ""repeat_penalty"": 1.1, ""num_thread"": 6, ""num_predict"": 22, ""raw"": true}","{""general"": {""domain"": ""general"", ""total"": 15, ""search"": 14, ""no_search"": 1, ""avg_confidence"": 0.9533333333333331, ""discrepancies"": 4, ""discrepancies_pct"": 0.26666666666666666, ""avg_delta_conf"": 0.13749999999999996}, ""mental_health"": {""domain"": ""mental_health"", ""total"": 15, ""search"": 11, ""no_search"": 4, ""avg_confidence"": 0.9366666666666664, ""discrepancies"": 11, ""discrepancies_pct"": 0.7333333333333333, ""avg_delta_conf"": 0.08909090909090908}, ""programming"": {""domain"": ""programming"", ""total"": 15, ""search"": 12, ""no_search"": 3, ""avg_confidence"": 0.9366666666666663, ""discrepancies"": 11, ""discrepancies_pct"": 0.7333333333333333, ""avg_delta_conf"": 0.1227272727272727}, ""math"": {""domain"": ""math"", ""total"": 15, ""search"": 3, ""no_search"": 12, ""avg_confidence"": 0.99, ""discrepancies"": 3, ""discrepancies_pct"": 0.2, ""avg_delta_conf"": -0.030000000000000027}}"
1757135975.0279553,granite3.1-moe:1b,60,1.640625,0.027344,37.946876,0.632448,14,46,0.931500,0,27,0.074444,0.078148,"{""format"": ""json"", ""temperature"": 0.65, ""top_p"": 0.21, ""top_k"": 20, ""repeat_penalty"": 1.1, ""num_thread"": 6, ""num_predict"": 22, ""raw"": true}","{""general"": {""domain"": ""general"", ""total"": 15, ""search"": 0, ""no_search"": 15, ""avg_confidence"": 0.9519999999999998, ""discrepancies"": 12, ""discrepancies_pct"": 0.8, ""avg_delta_conf"": 0.054999999999999945}, ""mental_health"": {""domain"": ""mental_health"", ""total"": 15, ""search"": 5, ""no_search"": 10, ""avg_confidence"": 0.9453333333333332, ""discrepancies"": 5, ""discrepancies_pct"": 0.3333333333333333, ""avg_delta_conf"": 0.10399999999999998}, ""programming"": {""domain"": ""programming"", ""total"": 15, ""search"": 6, ""no_search"": 9, ""avg_confidence"": 0.9153333333333331, ""discrepancies"": 7, ""discrepancies_pct"": 0.4666666666666667, ""avg_delta_conf"": 0.12285714285714282}, ""math"": {""domain"": ""math"", ""total"": 15, ""search"": 3, ""no_search"": 12, ""avg_confidence"": 0.9133333333333333, ""discrepancies"": 3, ""discrepancies_pct"": 0.2, ""avg_delta_conf"": -0.010000000000000009}}"
1757136060.945638,falcon3:1b,60,1.609375,0.026823,84.221808,1.403697,33,27,0.957000,0,36,0.081667,0.095000,"{""format"": ""json"", ""temperature"": 0.65, ""top_p"": 0.21, ""top_k"": 20, ""repeat_penalty"": 1.1, ""num_thread"": 6, ""num_predict"": 22, ""raw"": true}","{""general"": {""domain"": ""general"", ""total"": 15, ""search"": 6, ""no_search"": 9, ""avg_confidence"": 0.9153333333333332, ""discrepancies"": 8, ""discrepancies_pct"": 0.5333333333333333, ""avg_delta_conf"": 0.04374999999999998}, ""mental_health"": {""domain"": ""mental_health"", ""total"": 15, ""search"": 12, ""no_search"": 3, ""avg_confidence"": 0.9493333333333335, ""discrepancies"": 12, ""discrepancies_pct"": 0.8, ""avg_delta_conf"": 0.12416666666666669}, ""programming"": {""domain"": ""programming"", ""total"": 15, ""search"": 6, ""no_search"": 9, ""avg_confidence"": 0.9920000000000002, ""discrepancies"": 7, ""discrepancies_pct"": 0.4666666666666667, ""avg_delta_conf"": 0.16857142857142854}, ""math"": {""domain"": ""math"", ""total"": 15, ""search"": 9, ""no_search"": 6, ""avg_confidence"": 0.9713333333333336, ""discrepancies"": 9, ""discrepancies_pct"": 0.6, ""avg_delta_conf"": -0.008888888888888884}}"
1757136186.3819444,granite3.3:2b,60,1.765625,0.029427,123.936799,2.065613,20,40,0.937667,0,17,0.078235,0.085294,"{""format"": ""json"", ""temperature"": 0.65, ""top_p"": 0.21, ""top_k"": 20, ""repeat_penalty"": 1.1, ""num_thread"": 6, ""num_predict"": 22, ""raw"": true}","{""general"": {""domain"": ""general"", ""total"": 15, ""search"": 7, ""no_search"": 8, ""avg_confidence"": 0.9586666666666664, ""discrepancies"": 5, ""discrepancies_pct"": 0.3333333333333333, ""avg_delta_conf"": 0.08599999999999997}, ""mental_health"": {""domain"": ""mental_health"", ""total"": 15, ""search"": 5, ""no_search"": 10, ""avg_confidence"": 0.8533333333333333, ""discrepancies"": 5, ""discrepancies_pct"": 0.3333333333333333, ""avg_delta_conf"": 0.07000000000000002}, ""programming"": {""domain"": ""programming"", ""total"": 15, ""search"": 8, ""no_search"": 7, ""avg_confidence"": 0.9439999999999997, ""discrepancies"": 7, ""discrepancies_pct"": 0.4666666666666667, ""avg_delta_conf"": 0.07857142857142854}, ""math"": {""domain"": ""math"", ""total"": 15, ""search"": 0, ""no_search"": 15, ""avg_confidence"": 0.9946666666666668, ""discrepancies"": 0, ""discrepancies_pct"": 0.0, ""avg_delta_conf"": 0.0}}"
1757136225.4768035,qwen2.5:0.5b-instruct,60,1.703125,0.028385,37.610347,0.626839,14,46,0.958000,0,27,0.060741,0.080000,"{""format"": ""json"", ""temperature"": 0.65, ""top_p"": 0.21, ""top_k"": 20, ""repeat_penalty"": 1.1, ""num_thread"": 6, ""num_predict"": 22, ""raw"": true}","{""general"": {""domain"": ""general"", ""total"": 15, ""search"": 0, ""no_search"": 15, ""avg_confidence"": 0.9499999999999998, ""discrepancies"": 12, ""discrepancies_pct"": 0.8, ""avg_delta_conf"": 0.03999999999999998}, ""mental_health"": {""domain"": ""mental_health"", ""total"": 15, ""search"": 3, ""no_search"": 12, ""avg_confidence"": 0.9773333333333334, ""discrepancies"": 3, ""discrepancies_pct"": 0.2, ""avg_delta_conf"": 0.16666666666666666}, ""programming"": {""domain"": ""programming"", ""total"": 15, ""search"": 4, ""no_search"": 11, ""avg_confidence"": 0.9093333333333333, ""discrepancies"": 5, ""discrepancies_pct"": 0.3333333333333333, ""avg_delta_conf"": 0.118}, ""math"": {""domain"": ""math"", ""total"": 15, ""search"": 7, ""no_search"": 8, ""avg_confidence"": 0.9953333333333334, ""discrepancies"": 7, ""discrepancies_pct"": 0.4666666666666667, ""avg_delta_conf"": 0.010000000000000009}}"
1757136298.1185257,llama3.2:1b,60,1.656250,0.027604,70.510772,1.175180,12,48,0.665333,0,21,-0.176190,0.204762,"{""format"": ""json"", ""temperature"": 0.65, ""top_p"": 0.21, ""top_k"": 20, ""repeat_penalty"": 1.1, ""num_thread"": 6, ""num_predict"": 22, ""raw"": true}","{""general"": {""domain"": ""general"", ""total"": 15, ""search"": 2, ""no_search"": 13, ""avg_confidence"": 0.526, ""discrepancies"": 10, ""discrepancies_pct"": 0.6666666666666666, ""avg_delta_conf"": -0.276}, ""mental_health"": {""domain"": ""mental_health"", ""total"": 15, ""search"": 1, ""no_search"": 14, ""avg_confidence"": 0.5573333333333333, ""discrepancies"": 1, ""discrepancies_pct"": 0.06666666666666667, ""avg_delta_conf"": -0.030000000000000027}, ""programming"": {""domain"": ""programming"", ""total"": 15, ""search"": 6, ""no_search"": 9, ""avg_confidence"": 0.7113333333333334, ""discrepancies"": 7, ""discrepancies_pct"": 0.4666666666666667, ""avg_delta_conf"": -0.06999999999999999}, ""math"": {""domain"": ""math"", ""total"": 15, ""search"": 3, ""no_search"": 12, ""avg_confidence"": 0.8666666666666667, ""discrepancies"": 3, ""discrepancies_pct"": 0.2, ""avg_delta_conf"": -0.14}}"
1757136463.6821353,phi4-mini:3.8b,60,1.828125,0.030469,162.783223,2.713054,40,20,0.954167,0,29,0.096207,0.105172,"{""format"": ""json"", ""temperature"": 0.86, ""top_p"": 0.14, ""top_k"": 28, ""repeat_penalty"": 1.1, ""num_thread"": 6, ""num_predict"": 22, ""raw"": true}","{""general"": {""domain"": ""general"", ""total"": 15, ""search"": 14, ""no_search"": 1, ""avg_confidence"": 0.9533333333333331, ""discrepancies"": 4, ""discrepancies_pct"": 0.26666666666666666, ""avg_delta_conf"": 0.13749999999999996}, ""mental_health"": {""domain"": ""mental_health"", ""total"": 15, ""search"": 11, ""no_search"": 4, ""avg_confidence"": 0.9366666666666664, ""discrepancies"": 11, ""discrepancies_pct"": 0.7333333333333333, ""avg_delta_conf"": 0.08909090909090908}, ""programming"": {""domain"": ""programming"", ""total"": 15, ""search"": 12, ""no_search"": 3, ""avg_confidence"": 0.9366666666666663, ""discrepancies"": 11, ""discrepancies_pct"": 0.7333333333333333, ""avg_delta_conf"": 0.1227272727272727}, ""math"": {""domain"": ""math"", ""total"": 15, ""search"": 3, ""no_search"": 12, ""avg_confidence"": 0.99, ""discrepancies"": 3, ""discrepancies_pct"": 0.2, ""avg_delta_conf"": -0.030000000000000027}}"
1757136503.5023885,granite3.1-moe:1b,60,1.468750,0.024479,38.118462,0.635308,14,46,0.931500,0,27,0.074444,0.078148,"{""format"": ""json"", ""temperature"": 0.86, ""top_p"": 0.14, ""top_k"": 28, ""repeat_penalty"": 1.1, ""num_thread"": 6, ""num_predict"": 22, ""raw"": true}","{""general"": {""domain"": ""general"", ""total"": 15, ""search"": 0, ""no_search"": 15, ""avg_confidence"": 0.9519999999999998, ""discrepancies"": 12, ""discrepancies_pct"": 0.8, ""avg_delta_conf"": 0.054999999999999945}, ""mental_health"": {""domain"": ""mental_health"", ""total"": 15, ""search"": 5, ""no_search"": 10, ""avg_confidence"": 0.9453333333333332, ""discrepancies"": 5, ""discrepancies_pct"": 0.3333333333333333, ""avg_delta_conf"": 0.10399999999999998}, ""programming"": {""domain"": ""programming"", ""total"": 15, ""search"": 6, ""no_search"": 9, ""avg_confidence"": 0.9153333333333331, ""discrepancies"": 7, ""discrepancies_pct"": 0.4666666666666667, ""avg_delta_conf"": 0.12285714285714282}, ""math"": {""domain"": ""math"", ""total"": 15, ""search"": 3, ""no_search"": 12, ""avg_confidence"": 0.9133333333333333, ""discrepancies"": 3, ""discrepancies_pct"": 0.2, ""avg_delta_conf"": -0.010000000000000009}}"
1757136588.977628,falcon3:1b,60,1.687500,0.028125,83.440295,1.390672,33,27,0.957000,0,36,0.081667,0.095000,"{""format"": ""json"", ""temperature"": 0.86, ""top_p"": 0.14, ""top_k"": 28, ""repeat_penalty"": 1.1, ""num_thread"": 6, ""num_predict"": 22, ""raw"": true}","{""general"": {""domain"": ""general"", ""total"": 15, ""search"": 6, ""no_search"": 9, ""avg_confidence"": 0.9153333333333332, ""discrepancies"": 8, ""discrepancies_pct"": 0.5333333333333333, ""avg_delta_conf"": 0.04374999999999998}, ""mental_health"": {""domain"": ""mental_health"", ""total"": 15, ""search"": 12, ""no_search"": 3, ""avg_confidence"": 0.9493333333333335, ""discrepancies"": 12, ""discrepancies_pct"": 0.8, ""avg_delta_conf"": 0.12416666666666669}, ""programming"": {""domain"": ""programming"", ""total"": 15, ""search"": 6, ""no_search"": 9, ""avg_confidence"": 0.9920000000000002, ""discrepancies"": 7, ""discrepancies_pct"": 0.4666666666666667, ""avg_delta_conf"": 0.16857142857142854}, ""math"": {""domain"": ""math"", ""total"": 15, ""search"": 9, ""no_search"": 6, ""avg_confidence"": 0.9713333333333336, ""discrepancies"": 9, ""discrepancies_pct"": 0.6, ""avg_delta_conf"": -0.008888888888888884}}"
1757136714.0681543,granite3.3:2b,60,1.781250,0.029687,123.567440,2.059457,20,40,0.937667,0,17,0.078235,0.085294,"{""format"": ""json"", ""temperature"": 0.86, ""top_p"": 0.14, ""top_k"": 28, ""repeat_penalty"": 1.1, ""num_thread"": 6, ""num_predict"": 22, ""raw"": true}","{""general"": {""domain"": ""general"", ""total"": 15, ""search"": 7, ""no_search"": 8, ""avg_confidence"": 0.9586666666666664, ""discrepancies"": 5, ""discrepancies_pct"": 0.3333333333333333, ""avg_delta_conf"": 0.08599999999999997}, ""mental_health"": {""domain"": ""mental_health"", ""total"": 15, ""search"": 5, ""no_search"": 10, ""avg_confidence"": 0.8533333333333333, ""discrepancies"": 5, ""discrepancies_pct"": 0.3333333333333333, ""avg_delta_conf"": 0.07000000000000002}, ""programming"": {""domain"": ""programming"", ""total"": 15, ""search"": 8, ""no_search"": 7, ""avg_confidence"": 0.9439999999999997, ""discrepancies"": 7, ""discrepancies_pct"": 0.4666666666666667, ""avg_delta_conf"": 0.07857142857142854}, ""math"": {""domain"": ""math"", ""total"": 15, ""search"": 0, ""no_search"": 15, ""avg_confidence"": 0.9946666666666668, ""discrepancies"": 0, ""discrepancies_pct"": 0.0, ""avg_delta_conf"": 0.0}}"
1757136753.4127798,qwen2.5:0.5b-instruct,60,1.656250,0.027604,37.455636,0.624261,14,46,0.958000,0,27,0.060741,0.080000,"{""format"": ""json"", ""temperature"": 0.86, ""top_p"": 0.14, ""top_k"": 28, ""repeat_penalty"": 1.1, ""num_thread"": 6, ""num_predict"": 22, ""raw"": true}","{""general"": {""domain"": ""general"", ""total"": 15, ""search"": 0, ""no_search"": 15, ""avg_confidence"": 0.9499999999999998, ""discrepancies"": 12, ""discrepancies_pct"": 0.8, ""avg_delta_conf"": 0.03999999999999998}, ""mental_health"": {""domain"": ""mental_health"", ""total"": 15, ""search"": 3, ""no_search"": 12, ""avg_confidence"": 0.9773333333333334, ""discrepancies"": 3, ""discrepancies_pct"": 0.2, ""avg_delta_conf"": 0.16666666666666666}, ""programming"": {""domain"": ""programming"", ""total"": 15, ""search"": 4, ""no_search"": 11, ""avg_confidence"": 0.9093333333333333, ""discrepancies"": 5, ""discrepancies_pct"": 0.3333333333333333, ""avg_delta_conf"": 0.118}, ""math"": {""domain"": ""math"", ""total"": 15, ""search"": 7, ""no_search"": 8, ""avg_confidence"": 0.9953333333333334, ""discrepancies"": 7, ""discrepancies_pct"": 0.4666666666666667, ""avg_delta_conf"": 0.010000000000000009}}"
1757136824.6329114,llama3.2:1b,60,1.718750,0.028646,69.384266,1.156404,12,48,0.671167,0,21,-0.152857,0.180476,"{""format"": ""json"", ""temperature"": 0.86, ""top_p"": 0.14, ""top_k"": 28, ""repeat_penalty"": 1.1, ""num_thread"": 6, ""num_predict"": 22, ""raw"": true}","{""general"": {""domain"": ""general"", ""total"": 15, ""search"": 2, ""no_search"": 13, ""avg_confidence"": 0.5553333333333332, ""discrepancies"": 10, ""discrepancies_pct"": 0.6666666666666666, ""avg_delta_conf"": -0.23400000000000004}, ""mental_health"": {""domain"": ""mental_health"", ""total"": 15, ""search"": 1, ""no_search"": 14, ""avg_confidence"": 0.5373333333333333, ""discrepancies"": 1, ""discrepancies_pct"": 0.06666666666666667, ""avg_delta_conf"": -0.030000000000000027}, ""programming"": {""domain"": ""programming"", ""total"": 15, ""search"": 6, ""no_search"": 9, ""avg_confidence"": 0.7066666666666667, ""discrepancies"": 7, ""discrepancies_pct"": 0.4666666666666667, ""avg_delta_conf"": -0.07285714285714287}, ""math"": {""domain"": ""math"", ""total"": 15, ""search"": 3, ""no_search"": 12, ""avg_confidence"": 0.8853333333333333, ""discrepancies"": 3, ""discrepancies_pct"": 0.2, ""avg_delta_conf"": -0.10999999999999999}}"
